评论id,用户名,评价,用户点赞,楼层,id,评论时间,ip地址
4907570508333074,梦回莺歌岭,小时候最大的愿望就是快点长大[允悲][允悲][允悲],585,17,6984737784,2023-05-31 21:24:09+08:00,黑龙江 牡丹江
4907570920424286,轻歌Tloml,儿童节快乐[打call],192,47,7720292847,2023-05-31 21:25:47+08:00,湖北
4907572760941963,树生于海,是我常看的up主，画得很好[good],137,149,5324474331,2023-05-31 21:33:07+08:00,山东
4907603609522088,画画的邱锦鹏,很荣幸再次与人民日报合作，祝大朋友小朋友六一快乐！#六一儿童节# ,94,1038,1898814655,2023-05-31 23:35:42+08:00,吉林
4907584538280935,馨馨想rua逍子,🎠愿你童心未泯，所遇皆甜,58,613,7527623152,2023-05-31 22:19:54+08:00,其他
4907570734570250,别碰我的小佟,儿童节快乐！,33,37,7449097730,2023-05-31 21:25:04+08:00,黑龙江
4907573767045941,非雨晓鹤,愿你成为自己喜欢的模样🌸，不抱怨不将就，有自由有光芒,27,190,5251450492,2023-05-31 21:37:06+08:00,河北
4907570479760890,在冬季相遇n,儿童节快乐,17,15,6009867884,2023-05-31 21:24:03+08:00,浙江
4907587135341440,浅墨素笺Andy,愿我们每个人永远心中有梦，眼里有光,14,685,7315858440,2023-05-31 22:30:13+08:00,安徽 安庆
4907579936871308,JA轩宛,童心未泯，要保持一颗赤子之心呀。,8,472,5834001122,2023-05-31 22:01:38+08:00,广东
4907573466105255,不知羞o,祝大家都儿童节快乐[收到],10,178,3751368445,2023-05-31 21:35:55+08:00,山东 潍坊
4907570517776829,藤小伊伊伊伊伊,所有的大朋友小朋友，节日快乐[亲亲][亲亲][亲亲][亲亲],15,18,5387725874,2023-05-31 21:24:12+08:00,广东
4907590871941377,微博视频,您好，恭喜您的视频荣登视频飙升榜，社会领域第1名，榜单可在【发现页-视频-视频飙升榜】中展示您的上榜信息，榜单小时级更新请尽快查看哦~快来查看分享你的上榜视频吧~榜单戳》http://t.cn/A6p4vqrd,0,763,5186027114,2023-05-31 22:45:04+08:00,北京
4907582588720031,Reward_me,祝我儿童节快乐 也祝你们[春游家族],4,555,5776745735,2023-05-31 22:12:10+08:00,其他
4907574136410856,Ping清晨的第一缕阳光DL,儿童节快乐[鲜花],5,211,6539845690,2023-05-31 21:38:35+08:00,海外 美国
4907573038547752,热恋o_o,儿童节快乐,4,161,5511847942,2023-05-31 21:34:12+08:00,河北
4907572795020898,CrystalViVi_,儿童节快乐[送花花],3,151,7331335933,2023-05-31 21:33:15+08:00,其他
4907576469488881,绎儿小嘉人,明天想再过个六一儿童节[送花花],4,313,5683710517,2023-05-31 21:47:50+08:00,河南 郑州
4907662015201854,腊腊0110,今天是六一儿童节~ 希望这个夏天☀ 天气凉快一点🧊 西瓜🍉甜一点 可爱一点[可爱],3,1507,5576511252,2023-06-01 03:27:47+08:00,河南
4907588049966423,我很吵可是我很温柔,还记得小时候种下的梦想吗？那时候希望大了可以给自己买很多很多儿童节礼物[可爱],4,713,5609925212,2023-05-31 22:33:52+08:00,其他
4907570575447913,啰嗦邮递员,六一儿童节快乐![求关注],4,24,6266917938,2023-05-31 21:24:26+08:00,浙江
4907594583904373,在梨涡里撒野,[打call][打call][打call],4,835,6911684090,2023-05-31 22:59:50+08:00,河南 郑州
4907843662646339,北京高生,儿童节快乐,2,1845,1902298885,2023-06-01 15:29:35+08:00,北京 东城区
4907726301561551,爱逸菲浅Luck,儿童节快乐,2,1656,6609266566,2023-06-01 07:43:14+08:00,广东
4907715359409644,雾岛的飞云,儿童节快乐[送花花],2,1606,6045502815,2023-06-01 06:59:45+08:00,山东
4907681422770379,肆月嘉年华,愿我们都能够童心未泯，不忘初心[心],2,1515,7340960962,2023-06-01 04:44:54+08:00,内蒙古 兴安盟
4907650620064411,千山暮雪皆是空,画得真好[送花花][送花花][送花花],2,1500,5697892193,2023-06-01 02:42:30+08:00,重庆
4908101428579604,Lucia斐,爱极了人类幼崽,2,1946,6473015515,2023-06-02 08:33:51+08:00,江苏 无锡
4908244269274789,源味糯幂团子,我也喜欢踩水坑[馋嘴][馋嘴][馋嘴],1,1983,7089965373,2023-06-02 18:01:27+08:00,浙江
4907805612707133,泪尾痣,六一快乐～,1,1803,7067314827,2023-06-01 12:58:23+08:00,其他
4907729213457480,箫箫不是糖,儿童节快乐，今天我们都是大儿童,1,1684,5675374702,2023-06-01 07:54:48+08:00,重庆
4907720739651909,心念你好,儿童节快乐,1,1630,2626051803,2023-06-01 07:21:07+08:00,广东
4907720568473672,好想见w小猫,我还能记清小学的时候学校举办的各种六一活动[苦涩]怎么就大一了,1,1628,6529376840,2023-06-01 07:20:27+08:00,重庆 南岸区
4907631226128730,沧海N一粟,儿童节快乐,1,1489,5507686013,2023-06-01 01:25:26+08:00,广东
4907622535005090,W随便一个名字,说说看你们都收到什么特殊礼物了[偷笑],1,1462,7208930573,2023-06-01 00:50:54+08:00,江苏
4907622384010079,W随便一个名字,㊗️所有的大朋友小朋友节日快乐[打call],1,1461,7208930573,2023-06-01 00:50:18+08:00,江苏
4907621725506223,呱呱1122,六一儿童节快乐，愿大家永远心中有梦，眼里有光！🌹,1,1458,2858213264,2023-06-01 00:47:41+08:00,广东
4907617442596099,蓝k乌鬼,六一儿童节快乐[抱抱],1,1414,2248366395,2023-06-01 00:30:40+08:00,广东 惠州
4907616209734217,I坤不缺席,儿童节快乐啊[心][抱一抱],1,1396,5894688380,2023-06-01 00:25:46+08:00,广东 广州
4907613517517432,扬晴吖,太可爱了[快乐糖],1,1340,6518068603,2023-06-01 00:15:04+08:00,贵州
